Date,Ticker,Sector,Action,Weight_Prev,Weight_New,Weight_Delta,Exec_Price,Entry_Price,Value_Prev,Value_New,Value_Delta,Slippage,Holding_Days,Position_PnL
2026-04-02,APA,Energy,BUY,0.0,30.136,30.136,43.2902,43.2902,0.0,315511.41,315511.41,31.5511,1,14153.95
2026-04-02,LITE,Technology,BUY,0.0,29.864,29.864,708.585,708.585,0.0,312669.12,312669.12,31.2669,1,14026.44
2026-04-02,ETR,Utilities,BUY,0.0,5.0,5.0,112.9237,112.9237,0.0,52348.34,52348.34,5.2348,1,2348.36
2026-04-02,VRT,Industrials,BUY,0.0,5.0,5.0,249.12,249.12,0.0,52348.34,52348.34,5.2348,1,2348.36
2026-04-02,OXY,Energy,BUY,0.0,5.0,5.0,64.6,64.6,0.0,52348.36,52348.36,5.2348,1,2348.36
2026-04-02,EIX,Utilities,BUY,0.0,5.0,5.0,72.6033,72.6033,0.0,52348.34,52348.34,5.2348,1,2348.36
2026-04-02,MRK,Healthcare,BUY,0.0,5.0,5.0,120.37,120.37,0.0,52348.34,52348.34,5.2348,1,2348.36
2026-04-02,DVA,Healthcare,BUY,0.0,5.0,5.0,150.22,150.22,0.0,52348.35,52348.35,5.2348,1,2348.36
2026-04-02,GEV,Industrials,BUY,0.0,5.0,5.0,869.0,869.0,0.0,52348.34,52348.34,5.2348,1,2348.36
2026-04-02,CIEN,Technology,BUY,0.0,5.0,5.0,400.98,400.98,0.0,52348.36,52348.36,5.2348,1,2348.36
2026-04-06,APA,Energy,REDUCE,30.136,29.185,-0.95,41.7207,43.2902,311140.74,301329.4,-9811.33,0.9811,4,-4455.63
2026-04-06,LITE,Technology,ADD,29.864,30.815,0.95,828.48,708.585,308337.82,318149.18,9811.36,0.9811,4,-4704.34
2026-04-06,MRK,Healthcare,HOLD,5.0,5.0,-0.0,120.41,120.37,51623.18,51623.17,-0.0,0.0,4,-763.33
2026-04-06,DVA,Healthcare,HOLD,5.0,5.0,-0.0,144.76,150.22,51623.19,51623.18,-0.0,0.0,4,-763.33
2026-04-06,ETR,Utilities,HOLD,5.0,5.0,-0.0,114.0177,112.9237,51623.18,51623.17,-0.0,0.0,4,-763.33
2026-04-06,VRT,Industrials,HOLD,5.0,5.0,-0.0,262.93,249.12,51623.18,51623.18,-0.0,0.0,4,-763.33
2026-04-06,OXY,Energy,HOLD,5.0,5.0,-0.0,62.89,64.6,51623.19,51623.18,-0.01,0.0,4,-763.33
2026-04-06,EIX,Utilities,HOLD,5.0,5.0,-0.0,71.9018,72.6033,51623.18,51623.17,-0.0,0.0,4,-763.33
2026-04-06,GEV,Industrials,HOLD,5.0,5.0,-0.0,901.83,869.0,51623.18,51623.17,-0.0,0.0,4,-763.33
2026-04-06,CIEN,Technology,HOLD,5.0,5.0,-0.0,455.45,400.98,51623.19,51623.19,-0.0,0.0,4,-763.33
2026-04-07,APA,Energy,ADD,29.185,30.092,0.906,43.1611,43.2902,306759.97,316285.46,9525.49,0.9525,5,4165.25
2026-04-07,LITE,Technology,REDUCE,30.815,29.908,-0.906,778.82,828.48,323882.88,314357.37,-9525.51,0.9526,1,4139.86
2026-04-07,MRK,Healthcare,HOLD,5.0,5.0,0.0,119.56,120.37,52553.53,52553.53,0.0,0.0,5,692.09
2026-04-07,DVA,Healthcare,HOLD,5.0,5.0,-0.0,150.67,150.22,52553.54,52553.54,-0.0,0.0,5,692.09
2026-04-07,PCG,Utilities,BUY,0.0,5.0,5.0,17.57,17.57,0.0,52553.53,52553.53,5.2554,1,692.09
2026-04-07,ETR,Utilities,HOLD,5.0,5.0,0.0,113.4707,112.9237,52553.53,52553.53,0.0,0.0,5,692.09
2026-04-07,VRT,Industrials,HOLD,5.0,5.0,0.0,256.97,249.12,52553.53,52553.53,0.0,0.0,5,692.09
2026-04-07,OXY,Energy,HOLD,5.0,5.0,0.0,63.51,64.6,52553.54,52553.54,0.0,0.0,5,692.09
2026-04-07,EIX,Utilities,SELL,5.0,0.0,-5.0,72.2,72.2,52553.53,0.0,-52553.53,5.2554,1,0.0
2026-04-07,GEV,Industrials,HOLD,5.0,5.0,0.0,894.19,869.0,52553.53,52553.53,0.0,0.0,5,692.09
2026-04-07,CIEN,Technology,HOLD,5.0,5.0,0.0,435.28,400.98,52553.54,52553.55,0.01,0.0,5,692.09
2026-04-08,APA,Energy,REDUCE,30.092,29.178,-0.913,36.7341,43.1611,320221.21,310502.61,-9718.6,0.9719,1,7675.32
2026-04-08,LITE,Technology,ADD,29.908,30.822,0.913,877.415,828.48,318269.13,327987.7,9718.57,0.9719,2,8107.54
2026-04-08,MRK,Healthcare,SELL,5.0,0.0,-5.0,119.6,119.6,53207.49,0.0,-53207.49,5.3207,1,0.0
2026-04-08,DGX,Healthcare,BUY,0.0,5.0,5.0,196.18,196.18,0.0,53207.49,53207.49,5.3207,1,1315.24
2026-04-08,DVA,Healthcare,HOLD,5.0,5.0,0.0,151.31,150.22,53207.5,53207.5,0.01,0.0,6,1315.24
2026-04-08,PCG,Utilities,SELL,5.0,0.0,-5.0,17.71,17.71,53207.49,0.0,-53207.49,5.3207,1,0.0
2026-04-08,ETR,Utilities,HOLD,5.0,5.0,0.0,112.8342,112.9237,53207.49,53207.49,0.0,0.0,6,1315.24
2026-04-08,VRT,Industrials,HOLD,5.0,5.0,0.0,279.87,249.12,53207.49,53207.49,0.0,0.0,6,1315.24
2026-04-08,OXY,Energy,HOLD,5.0,5.0,0.0,57.17,64.6,53207.5,53207.5,0.0,0.0,6,1315.24
2026-04-08,EIX,Utilities,BUY,0.0,5.0,5.0,72.97,72.97,0.0,53207.49,53207.49,5.3207,1,1315.24
2026-04-08,GEV,Industrials,HOLD,5.0,5.0,0.0,950.0,869.0,53207.49,53207.49,0.0,0.0,6,1315.24
2026-04-08,CIEN,Technology,HOLD,5.0,5.0,0.0,475.5,400.98,53207.51,53207.53,0.01,0.0,6,1315.24
2026-04-09,APA,Energy,HOLD,29.178,29.638,0.46,38.999,43.1611,311995.49,316913.95,4918.47,0.4918,2,-1672.39
2026-04-09,LITE,Technology,HOLD,30.822,30.362,-0.46,912.0,877.415,329564.64,324646.23,-4918.41,0.4918,1,-1713.19
2026-04-09,DGX,Healthcare,SELL,5.0,0.0,-5.0,197.93,197.93,53463.31,0.0,-53463.31,5.3463,1,0.0
2026-04-09,DVA,Healthcare,HOLD,5.0,5.0,-0.0,147.88,150.22,53463.32,53463.31,-0.01,0.0,7,-282.13
2026-04-09,MRNA,Healthcare,BUY,0.0,5.0,5.0,51.63,51.63,0.0,53463.3,53463.3,5.3463,1,-282.13
2026-04-09,ETR,Utilities,HOLD,5.0,5.0,-0.0,114.1172,112.9237,53463.31,53463.3,-0.01,0.0,7,-282.13
2026-04-09,VRT,Industrials,HOLD,5.0,5.0,-0.0,280.99,249.12,53463.31,53463.31,-0.01,0.0,7,-282.13
2026-04-09,OXY,Energy,HOLD,5.0,5.0,-0.0,60.1,64.6,53463.32,53463.31,-0.01,0.0,7,-282.13
2026-04-09,EIX,Utilities,HOLD,5.0,5.0,-0.0,74.19,72.97,53463.31,53463.3,-0.01,0.0,1,-282.13
2026-04-09,GEV,Industrials,HOLD,5.0,5.0,-0.0,943.56,869.0,53463.31,53463.3,-0.01,0.0,7,-282.13
2026-04-09,CIEN,Technology,HOLD,5.0,5.0,-0.0,498.91,400.98,53463.35,53463.34,-0.0,0.0,7,-282.13
2026-04-10,APA,Energy,REDUCE,29.638,25.938,-3.701,38.3632,43.1611,316744.72,277196.52,-39548.2,3.9548,3,-1118.97
2026-04-10,LITE,Technology,REDUCE,30.362,28.769,-1.593,908.085,877.415,324472.86,307453.36,-17019.5,1.702,2,-1241.11
2026-04-10,DVA,Healthcare,HOLD,5.0,5.0,0.0,150.46,150.22,53434.76,53434.77,0.01,0.0,8,-215.7
2026-04-10,MRNA,Healthcare,HOLD,5.0,5.0,0.0,51.67,51.63,53434.75,53434.76,0.01,0.0,1,-215.7
2026-04-10,PCG,Utilities,BUY,0.0,5.0,5.0,18.56,18.56,0.0,53434.76,53434.76,5.3435,1,-215.7
2026-04-10,VRT,Industrials,HOLD,5.0,5.0,0.0,289.75,249.12,53434.76,53434.76,0.01,0.0,8,-215.7
2026-04-10,ETR,Utilities,SELL,5.0,0.0,-5.0,116.5042,116.5042,53434.75,0.0,-53434.75,5.3435,1,0.0
2026-04-10,OXY,Energy,HOLD,5.0,5.0,0.0,58.04,64.6,53434.76,53434.77,0.01,0.0,8,-215.7
2026-04-10,EIX,Utilities,HOLD,5.0,5.0,0.0,75.81,72.97,53434.75,53434.76,0.01,0.0,2,-215.7
2026-04-10,GEV,Industrials,SELL,5.0,0.0,-5.0,973.11,973.11,53434.75,0.0,-53434.75,5.3435,1,0.0
2026-04-10,HWM,Industrials,BUY,0.0,5.0,5.0,253.2484,253.2484,0.0,53434.76,53434.76,5.3435,1,-215.7
2026-04-10,CIEN,Technology,ADD,5.0,10.293,5.293,498.11,400.98,53434.79,110002.42,56567.63,5.6568,8,-444.05
2026-04-13,APA,Energy,ADD,25.938,27.196,1.258,39.3665,43.1611,275346.11,288702.77,13356.65,1.3357,6,-2910.13
2026-04-13,LITE,Technology,ADD,28.769,31.157,2.388,889.0,877.415,305400.98,330747.93,25346.95,2.5347,5,-3333.94
2026-04-13,DVA,Healthcare,HOLD,5.0,5.0,-0.0,149.76,150.22,53078.07,53078.06,-0.01,0.0,11,-535.03
2026-04-13,MRNA,Healthcare,HOLD,5.0,5.0,-0.0,51.01,51.63,53078.06,53078.06,-0.0,0.0,4,-535.03
2026-04-13,PCG,Utilities,SELL,5.0,0.0,-5.0,18.43,18.43,53078.06,0.0,-53078.06,5.3078,1,0.0
2026-04-13,ETR,Utilities,BUY,0.0,5.0,5.0,115.8279,115.8279,0.0,53078.06,53078.06,5.3078,1,-535.03
2026-04-13,VRT,Industrials,HOLD,5.0,5.0,0.0,294.98,249.12,53078.07,53078.07,0.0,0.0,11,-535.03
2026-04-13,OXY,Energy,HOLD,5.0,5.0,-0.0,58.62,64.6,53078.07,53078.07,-0.01,0.0,11,-535.03
2026-04-13,EIX,Utilities,HOLD,5.0,5.0,-0.0,75.45,72.97,53078.06,53078.06,-0.0,0.0,5,-535.03
2026-04-13,HWM,Industrials,HOLD,5.0,5.0,-0.0,251.3193,253.2484,53078.06,53078.06,-0.0,0.0,3,-535.03
2026-04-13,CIEN,Technology,REDUCE,10.293,6.647,-3.646,493.44,498.11,109268.11,70564.53,-38703.58,3.8704,3,-711.29
2026-04-14,APA,Energy,REDUCE,27.196,20.617,-6.579,38.5619,39.3665,282826.76,214405.71,-68421.05,6.8421,1,-5939.24
2026-04-14,LITE,Technology,REDUCE,31.157,7.594,-23.563,901.15,889.0,324016.17,78976.39,-245039.78,24.504,1,-2187.72
2026-04-14,FIX,Industrials,BUY,0.0,5.0,5.0,1645.0,1645.0,0.0,51997.76,51997.76,5.1998,1,-1440.39
2026-04-14,DVA,Healthcare,HOLD,5.0,5.0,0.0,150.79,150.22,51997.75,51997.76,0.01,0.0,12,-1440.39
2026-04-14,MRNA,Healthcare,HOLD,5.0,5.0,0.0,50.59,51.63,51997.75,51997.76,0.01,0.0,5,-1440.39
2026-04-14,ETR,Utilities,HOLD,5.0,5.0,0.0,114.7139,115.8279,51997.76,51997.76,0.01,0.0,1,-1440.39
2026-04-14,VRT,Industrials,HOLD,5.0,5.0,0.0,307.0,249.12,51997.76,51997.79,0.03,0.0,12,-1440.39
2026-04-14,OXY,Energy,HOLD,5.0,5.0,0.0,56.92,64.6,51997.76,51997.77,0.01,0.0,12,-1440.39
2026-04-14,EIX,Utilities,HOLD,5.0,5.0,0.0,72.06,72.97,51997.76,51997.76,0.01,0.0,6,-1440.39
2026-04-14,HWM,Industrials,SELL,5.0,0.0,-5.0,257.1667,257.1667,51997.75,0.0,-51997.75,5.1998,1,0.0
2026-04-14,CIEN,Technology,ADD,6.647,36.789,30.142,486.75,498.11,69128.32,382589.07,313460.76,31.3461,4,-10598.07
2026-04-15,APA,Energy,REDUCE,20.617,18.995,-1.622,36.4759,39.3665,214888.66,197981.39,-16907.27,1.6907,2,-10.92
2026-04-15,LITE,Technology,SELL,7.594,0.0,-7.594,856.885,856.885,79154.28,0.0,-79154.28,7.9154,1,0.0
2026-04-15,DELL,Technology,BUY,0.0,5.0,5.0,182.3757,182.3757,0.0,52116.1,52116.1,5.2116,1,-2.88
2026-04-15,CEG,Utilities,BUY,0.0,5.0,5.0,298.445,298.445,0.0,52114.95,52114.95,5.2115,1,-2.88
2026-04-15,FIX,Industrials,HOLD,5.0,5.0,0.0,1642.9,1645.0,52114.89,52114.97,0.08,0.0,1,-2.88
2026-04-15,DVA,Healthcare,SELL,5.0,0.0,-5.0,148.61,148.61,52114.89,0.0,-52114.89,5.2115,1,0.0
2026-04-15,MRNA,Healthcare,HOLD,5.0,5.0,0.0,53.76,51.63,52114.89,52114.95,0.07,0.0,6,-2.88
2026-04-15,ETR,Utilities,HOLD,5.0,5.0,0.0,114.3758,115.8279,52114.89,52114.96,0.07,0.0,2,-2.88
2026-04-15,VRT,Industrials,HOLD,5.0,5.002,0.002,309.5,249.12,52114.91,52132.34,17.43,0.0017,13,-2.88
2026-04-15,OXY,Energy,HOLD,5.0,5.0,0.0,55.45,64.6,52114.89,52115.0,0.11,0.0,13,-2.88
2026-04-15,EIX,Utilities,SELL,5.0,0.0,-5.0,72.41,72.41,52114.89,0.0,-52114.89,5.2115,1,0.0
2026-04-15,UNH,Healthcare,BUY,0.0,5.0,5.0,316.0,316.0,0.0,52114.95,52114.95,5.2115,1,-2.88
2026-04-15,CIEN,Technology,ADD,36.789,41.003,4.214,471.78,486.75,383450.86,427378.36,43927.5,4.3928,1,-23.58
2026-04-16,APA,Energy,REDUCE,18.995,12.685,-6.309,36.3566,39.3665,202333.0,135125.56,-67207.45,6.7207,3,2580.17
2026-04-16,DELL,Technology,ADD,5.0,7.891,2.891,179.0161,182.3757,53261.61,84060.18,30798.57,3.0799,1,1605.1
2026-04-16,CEG,Utilities,SELL,5.0,0.0,-5.0,296.36,296.36,53260.43,0.0,-53260.43,5.326,1,0.0
2026-04-16,FIX,Industrials,HOLD,5.0,5.0,-0.0,1655.2,1645.0,53260.45,53260.36,-0.09,0.0,2,1016.99
2026-04-16,EXC,Utilities,BUY,0.0,5.0,5.0,47.66,47.66,0.0,53260.36,53260.36,5.326,1,1016.99
2026-04-16,MRNA,Healthcare,HOLD,5.0,5.0,-0.0,54.13,51.63,53260.44,53260.37,-0.07,0.0,7,1016.99
2026-04-16,ETR,Utilities,HOLD,5.0,5.0,-0.0,114.0376,115.8279,53260.44,53260.36,-0.07,0.0,3,1016.99
2026-04-16,VRT,Industrials,ADD,5.002,15.011,10.009,303.0,249.12,53278.21,159897.88,106619.67,10.662,14,3053.19
2026-04-16,OXY,Energy,HOLD,5.0,5.0,-0.0,56.18,64.6,53260.48,53260.37,-0.12,0.0,14,1016.99
2026-04-16,UNH,Healthcare,HOLD,5.0,5.0,-0.0,315.0,316.0,53260.43,53260.36,-0.07,0.0,1,1016.99
2026-04-16,CIEN,Technology,REDUCE,41.003,34.412,-6.591,476.75,471.78,436772.1,366561.86,-70210.24,7.021,1,6999.37
2026-04-17,APA,Energy,ADD,12.685,15.798,3.113,34.3898,39.3665,136136.59,169544.04,33407.45,3.3407,4,2576.07
2026-04-17,DELL,Technology,REDUCE,7.891,5.048,-2.843,192.2352,179.0161,84689.13,54178.31,-30510.83,3.0511,1,823.19
2026-04-17,FIX,Industrials,HOLD,5.0,5.0,0.0,1623.21,1645.0,53658.87,53659.25,0.38,0.0,3,815.3
2026-04-17,EXC,Utilities,HOLD,5.0,5.0,0.0,46.06,47.66,53658.87,53659.19,0.32,0.0,1,815.3
2026-04-17,MRNA,Healthcare,HOLD,5.0,5.0,0.0,55.7,51.63,53658.87,53659.5,0.63,0.0001,8,815.31
2026-04-17,ETR,Utilities,HOLD,5.0,5.0,0.0,114.5051,115.8279,53658.87,53659.25,0.39,0.0,4,815.3
2026-04-17,VRT,Industrials,REDUCE,15.011,9.423,-5.588,298.7,303.0,161094.27,101127.6,-59966.67,5.9967,1,1536.54
2026-04-17,OXY,Energy,HOLD,5.0,5.0,0.0,53.66,64.6,53658.87,53659.43,0.56,0.0001,15,815.31
2026-04-17,UNH,Healthcare,HOLD,5.0,5.0,0.0,320.05,316.0,53658.87,53659.22,0.35,0.0,2,815.3
2026-04-17,CIEN,Technology,ADD,34.412,39.73,5.318,500.47,471.78,369304.55,426371.66,57067.11,5.7067,2,6478.33
2026-04-20,APA,Energy,ADD,15.798,17.714,1.915,35.7209,34.3898,168837.43,189307.96,20470.53,2.0471,3,-1545.25
2026-04-20,DELL,Technology,SELL,5.048,0.0,-5.048,195.9437,195.9437,53952.51,0.0,-53952.51,5.3953,1,0.0
2026-04-20,FIX,Industrials,SELL,5.0,0.0,-5.0,1646.33,1646.33,53435.61,0.0,-53435.61,5.3436,1,0.0
2026-04-20,EXC,Utilities,SELL,5.0,0.0,-5.0,46.69,46.69,53435.55,0.0,-53435.55,5.3436,1,0.0
2026-04-20,MRNA,Healthcare,HOLD,5.0,5.0,-0.0,53.69,51.63,53435.86,53435.23,-0.63,0.0001,11,-436.17
2026-04-20,SNDK,Technology,BUY,0.0,22.74,22.74,930.97,930.97,0.0,243018.28,243018.28,24.3018,1,-1983.67
2026-04-20,ETR,Utilities,HOLD,5.0,5.0,-0.0,114.3658,115.8279,53435.62,53435.23,-0.39,0.0,7,-436.17
2026-04-20,VRT,Industrials,REDUCE,9.423,5.0,-4.423,307.005,303.0,100706.13,53435.25,-47270.88,4.7271,4,-436.17
2026-04-20,OXY,Energy,HOLD,5.0,5.0,-0.0,54.12,64.6,53435.79,53435.23,-0.56,0.0001,18,-436.17
2026-04-20,GEV,Industrials,BUY,0.0,5.0,5.0,1006.23,1006.23,0.0,53435.23,53435.23,5.3435,1,-436.17
2026-04-20,UNH,Healthcare,HOLD,5.0,5.0,-0.0,324.19,316.0,53435.58,53435.23,-0.35,0.0,5,-436.17
2026-04-20,AEP,Utilities,BUY,0.0,5.0,5.0,133.3813,133.3813,0.0,53435.23,53435.23,5.3435,1,-436.17
2026-04-20,CIEN,Technology,REDUCE,39.73,24.547,-15.183,512.0,500.47,424594.65,262332.17,-162262.48,16.2262,3,-2141.32
2026-04-21,APA,Energy,REDUCE,17.714,10.977,-6.737,35.9593,35.7209,192980.61,119587.54,-73393.07,7.3393,1,853.33
2026-04-21,HUM,Healthcare,BUY,0.0,5.0,5.0,221.71,221.71,0.0,54472.12,54472.12,5.4472,1,388.69
2026-04-21,DELL,Technology,BUY,0.0,19.602,19.602,205.85,205.85,0.0,213546.26,213546.26,21.3546,1,1523.79
2026-04-21,MRNA,Healthcare,HOLD,5.0,5.0,0.0,53.96,51.63,54471.9,54472.3,0.4,0.0,12,388.7
2026-04-21,SNDK,Technology,SELL,22.74,0.0,-22.74,927.85,927.85,247732.93,0.0,-247732.93,24.7733,1,0.0
2026-04-21,ETR,Utilities,HOLD,5.0,5.0,0.0,113.968,115.8279,54471.89,54472.1,0.21,0.0,8,388.69
2026-04-21,VRT,Industrials,HOLD,5.0,5.0,0.0,316.1,303.0,54471.91,54472.05,0.14,0.0,5,388.69
2026-04-21,OXY,Energy,HOLD,5.0,5.0,0.0,54.5,64.6,54471.9,54472.12,0.22,0.0,19,388.69
2026-04-21,AWK,Utilities,BUY,0.0,5.0,5.0,133.93,133.93,0.0,54472.05,54472.05,5.4472,1,388.69
2026-04-21,GEV,Industrials,HOLD,5.0,5.0,0.0,994.0,1006.23,54471.89,54472.06,0.17,0.0,1,388.69
2026-04-21,UNH,Healthcare,SELL,5.0,0.0,-5.0,353.01,353.01,54471.89,0.0,-54471.89,5.4472,1,0.0
2026-04-21,AEP,Utilities,SELL,5.0,0.0,-5.0,133.014,133.014,54471.89,0.0,-54471.89,5.4472,1,0.0
2026-04-21,CIEN,Technology,ADD,24.547,34.421,9.875,507.77,500.47,267421.52,374999.45,107577.94,10.7578,4,2675.86
2026-04-22,PNW,Utilities,BUY,0.0,5.0,5.0,100.9648,100.9648,0.0,54748.56,54748.56,5.4749,1,-428.21
2026-04-22,APA,Energy,REDUCE,10.977,6.335,-4.642,37.73,35.7209,120194.85,69361.55,-50833.3,5.0833,2,-542.5
2026-04-22,CRL,Healthcare,BUY,0.0,5.0,5.0,185.51,185.51,0.0,54748.57,54748.57,5.4749,1,-428.21
2026-04-22,HUM,Healthcare,SELL,5.0,0.0,-5.0,219.26,219.26,54748.75,0.0,-54748.75,5.4749,1,0.0
2026-04-22,DELL,Technology,ADD,19.602,37.675,18.074,215.01,205.85,214630.72,412532.43,197901.7,19.7902,1,-3226.56
2026-04-22,ODFL,Industrials,BUY,0.0,5.0,5.0,226.55,226.55,0.0,54748.57,54748.57,5.4749,1,-428.21
2026-04-22,MRNA,Healthcare,HOLD,5.0,5.0,-0.0,55.4,51.63,54748.93,54748.6,-0.33,0.0,13,-428.21
2026-04-22,ETR,Utilities,HOLD,5.0,5.0,-0.0,111.78,115.8279,54748.73,54748.56,-0.16,0.0,9,-428.21
2026-04-22,VRT,Industrials,HOLD,5.0,5.0,-0.0,305.32,303.0,54748.68,54748.59,-0.09,0.0,6,-428.21
2026-04-22,OXY,Energy,HOLD,5.0,5.0,-0.0,56.61,64.6,54748.75,54748.59,-0.16,0.0,20,-428.21
2026-04-22,AWK,Utilities,SELL,5.0,0.0,-5.0,132.48,132.48,54748.68,0.0,-54748.68,5.4749,1,0.0
2026-04-22,GEV,Industrials,SELL,5.0,0.0,-5.0,1076.16,1076.16,54748.69,0.0,-54748.69,5.4749,1,0.0
2026-04-22,CIEN,Technology,REDUCE,34.421,20.99,-13.431,511.5,507.77,376903.84,229836.69,-147067.15,14.7067,1,-1797.63
2026-04-23,PNW,Utilities,HOLD,5.0,5.0,-0.0,101.0936,100.9648,55039.52,55039.49,-0.03,0.0,1,108.66
2026-04-23,APA,Energy,HOLD,6.335,6.36,0.025,38.39,35.7209,69730.17,70005.95,275.78,0.0276,3,138.21
2026-04-23,CRL,Healthcare,SELL,5.0,0.0,-5.0,178.65,178.65,55039.53,0.0,-55039.53,5.504,1,0.0
2026-04-23,DELL,Technology,ADD,37.675,41.656,3.981,214.49,215.01,414724.82,458543.23,43818.41,4.3818,1,905.27
2026-04-23,ODFL,Industrials,SELL,5.0,0.0,-5.0,223.82,223.82,55039.53,0.0,-55039.53,5.504,1,0.0
2026-04-23,MRNA,Healthcare,HOLD,5.0,5.0,-0.0,55.62,51.63,55039.56,55039.49,-0.07,0.0,14,108.66
2026-04-23,ETR,Utilities,HOLD,5.0,5.0,-0.0,111.0141,115.8279,55039.52,55039.49,-0.04,0.0,10,108.66
2026-04-23,VRT,Industrials,HOLD,5.0,5.0,-0.0,304.2,303.0,55039.55,55039.5,-0.05,0.0,7,108.66
2026-04-23,OXY,Energy,HOLD,5.0,5.0,-0.0,57.51,64.6,55039.55,55039.5,-0.05,0.0,21,108.66
2026-04-23,GEV,Industrials,BUY,0.0,5.0,5.0,1147.89,1147.89,0.0,55039.49,55039.49,5.5039,1,108.66
2026-04-23,UNH,Healthcare,BUY,0.0,5.0,5.0,354.68,354.68,0.0,55039.49,55039.49,5.5039,1,108.66
2026-04-23,CIEN,Technology,REDUCE,20.99,16.985,-4.006,505.0,507.77,231058.15,186964.43,-44093.72,4.4094,2,369.11
2026-04-24,PNW,Utilities,HOLD,5.0,5.0,-0.0,102.3822,100.9648,55479.06,55479.05,-0.01,0.0,2,162.06
2026-04-24,APA,Energy,HOLD,6.36,6.206,-0.154,38.59,35.7209,70565.05,68856.0,-1709.05,0.1709,4,201.13
2026-04-24,DELL,Technology,ADD,41.656,43.732,2.076,213.99,214.49,462205.39,485243.19,23037.79,2.3038,1,1417.41
2026-04-24,FIX,Industrials,BUY,0.0,5.0,5.0,1774.14,1774.14,0.0,55479.06,55479.06,5.5479,1,162.06
2026-04-24,MRNA,Healthcare,HOLD,5.0,5.0,-0.0,53.38,51.63,55479.07,55479.06,-0.01,0.0,15,162.06
2026-04-24,SNDK,Technology,BUY,0.0,15.062,15.062,954.56,954.56,0.0,167128.95,167128.95,16.7129,1,488.19
2026-04-24,ETR,Utilities,HOLD,5.0,5.0,-0.0,113.1326,115.8279,55479.06,55479.05,-0.01,0.0,11,162.06
2026-04-24,VRT,Industrials,SELL,5.0,0.0,-5.0,328.0,328.0,55479.07,0.0,-55479.07,5.5479,1,0.0
2026-04-24,OXY,Energy,HOLD,5.0,5.0,-0.0,57.6,64.6,55479.07,55479.06,-0.01,0.0,22,162.06
2026-04-24,GEV,Industrials,HOLD,5.0,5.0,-0.0,1161.02,1147.89,55479.06,55479.06,-0.0,0.0,1,162.06
2026-04-24,UNH,Healthcare,HOLD,5.0,5.0,-0.0,356.49,354.68,55479.06,55479.06,-0.01,0.0,1,162.06
2026-04-24,CIEN,Technology,SELL,16.985,0.0,-16.985,514.82,514.82,188457.63,0.0,-188457.63,18.8458,1,0.0
2026-04-27,PNW,Utilities,HOLD,5.0,5.0,0.0,101.6388,100.9648,55639.2,55639.26,0.06,0.0,5,-338.59
2026-04-27,APA,Energy,HOLD,6.206,6.26,0.055,38.12,35.7209,69054.77,69662.31,607.55,0.0608,7,-423.93
2026-04-27,WST,Healthcare,BUY,0.0,5.0,5.0,304.1707,304.1707,0.0,55639.32,55639.32,5.5639,1,-338.59
2026-04-27,DELL,Technology,REDUCE,43.732,42.159,-1.573,217.78,213.99,486643.93,469137.47,-17506.45,1.7506,3,-2854.93
2026-04-27,FIX,Industrials,HOLD,5.0,5.0,0.0,1744.6,1774.14,55639.21,55639.32,0.12,0.0,3,-338.59
2026-04-27,MRNA,Healthcare,SELL,5.0,0.0,-5.0,50.63,50.63,55639.21,0.0,-55639.21,5.5639,1,0.0
2026-04-27,SNDK,Technology,SELL,15.062,0.0,-15.062,1019.645,1019.645,167611.4,0.0,-167611.4,16.7611,1,0.0
2026-04-27,ETR,Utilities,HOLD,5.0,5.0,0.0,113.5503,115.8279,55639.2,55639.27,0.07,0.0,14,-338.59
2026-04-27,OXY,Energy,HOLD,5.0,5.0,0.0,57.36,64.6,55639.21,55639.33,0.12,0.0,25,-338.59
2026-04-27,GEV,Industrials,HOLD,5.0,5.0,0.0,1135.235,1147.89,55639.21,55639.59,0.38,0.0,4,-338.59
2026-04-27,UNH,Healthcare,HOLD,5.0,5.0,0.0,353.91,354.68,55639.21,55639.3,0.1,0.0,4,-338.59
2026-04-27,CIEN,Technology,BUY,0.0,16.581,16.581,515.82,515.82,0.0,184509.12,184509.12,18.4509,1,-1122.83
2026-04-28,INTC,Technology,BUY,0.0,30.208,30.208,81.28,81.28,0.0,330990.92,330990.92,33.0991,1,941.19
2026-04-28,PNW,Utilities,SELL,5.0,0.0,-5.0,102.6399,102.6399,54784.8,0.0,-54784.8,5.4785,1,0.0
2026-04-28,APA,Energy,REDUCE,6.26,5.0,-1.26,39.34,35.7209,68592.49,54784.73,-13807.77,1.3808,8,155.78
2026-04-28,WST,Healthcare,HOLD,5.0,5.0,-0.0,301.6826,304.1707,54784.86,54784.73,-0.13,0.0,1,155.78
2026-04-28,DELL,Technology,REDUCE,42.159,29.792,-12.367,209.97,213.99,461932.83,326426.54,-135506.29,13.5506,4,928.21
2026-04-28,CEG,Utilities,BUY,0.0,5.0,5.0,313.71,313.71,0.0,54784.73,54784.73,5.4785,1,155.78
2026-04-28,FIX,Industrials,SELL,5.0,0.0,-5.0,1740.0,1740.0,54784.86,0.0,-54784.86,5.4785,1,0.0
2026-04-28,VLO,Energy,BUY,0.0,5.0,5.0,241.19,241.19,0.0,54784.73,54784.73,5.4785,1,155.78
2026-04-28,ETR,Utilities,HOLD,5.0,5.0,-0.0,113.4409,115.8279,54784.81,54784.73,-0.08,0.0,15,155.78
2026-04-28,VRT,Industrials,BUY,0.0,5.0,5.0,307.195,307.195,0.0,54784.73,54784.73,5.4785,1,155.78
2026-04-28,OXY,Energy,SELL,5.0,0.0,-5.0,58.1,58.1,54784.87,0.0,-54784.87,5.4785,1,0.0
2026-04-28,GEV,Industrials,HOLD,5.0,5.0,-0.0,1090.0,1147.89,54785.12,54784.73,-0.39,0.0,5,155.78
2026-04-28,UNH,Healthcare,HOLD,5.0,5.0,-0.0,356.84,354.68,54784.84,54784.73,-0.11,0.0,5,155.78
2026-04-28,CIEN,Technology,SELL,16.581,0.0,-16.581,485.0,485.0,181675.57,0.0,-181675.57,18.1676,1,0.0
2026-04-29,INTC,Technology,ADD,30.208,35.182,4.974,86.14,81.28,346214.75,403218.63,57003.88,5.7004,1,13537.92
2026-04-29,PNW,Utilities,BUY,0.0,5.0,5.0,101.8866,101.8866,0.0,57304.57,57304.57,5.7305,1,1923.98
2026-04-29,APA,Energy,HOLD,5.0,5.0,0.0,39.8,35.7209,57304.54,57304.6,0.06,0.0,9,1923.98
2026-04-29,WST,Healthcare,HOLD,5.0,5.0,0.0,296.25,304.1707,57304.53,57304.57,0.04,0.0,2,1923.98
2026-04-29,DELL,Technology,REDUCE,29.792,24.818,-4.974,206.06,213.99,341440.44,284436.19,-57004.25,5.7004,5,9549.84
2026-04-29,CEG,Utilities,SELL,5.0,0.0,-5.0,306.65,306.65,57304.53,0.0,-57304.53,5.7305,1,0.0
2026-04-29,VLO,Energy,HOLD,5.0,5.0,0.0,243.69,241.19,57304.53,57304.57,0.04,0.0,1,1923.98
2026-04-29,ETR,Utilities,HOLD,5.0,5.0,0.0,115.5196,115.8279,57304.53,57304.57,0.04,0.0,16,1923.98
2026-04-29,VRT,Industrials,HOLD,5.0,5.0,0.0,307.05,307.195,57304.54,57304.57,0.04,0.0,1,1923.98
2026-04-29,GEV,Industrials,HOLD,5.0,5.0,0.0,1091.79,1147.89,57304.54,57304.58,0.04,0.0,6,1923.98
2026-04-29,UNH,Healthcare,HOLD,5.0,5.0,0.0,366.0,354.68,57304.53,57304.57,0.04,0.0,6,1923.98
2026-04-30,INTC,Technology,ADD,35.182,35.794,0.612,95.6,86.14,405960.52,413019.39,7058.87,0.7059,1,-149.44
2026-04-30,PNW,Utilities,SELL,5.0,0.0,-5.0,101.1729,101.1729,57694.24,0.0,-57694.24,5.7694,1,0.0
2026-04-30,APA,Energy,HOLD,5.0,5.311,0.311,39.52,35.7209,57694.27,61283.2,3588.93,0.3589,10,-22.17
2026-04-30,WST,Healthcare,SELL,5.0,0.0,-5.0,295.58,295.58,57694.25,0.0,-57694.25,5.7694,1,0.0
2026-04-30,HUM,Healthcare,BUY,0.0,5.0,5.0,242.94,242.94,0.0,57696.11,57696.11,5.7696,1,-20.88
2026-04-30,DELL,Technology,REDUCE,24.818,23.894,-0.924,208.5,213.99,286370.36,275711.35,-10659.01,1.0659,6,-99.76
2026-04-30,VLO,Energy,HOLD,5.0,5.0,0.0,245.88,241.19,57694.25,57696.39,2.14,0.0002,2,-20.88
2026-04-30,ETR,Utilities,HOLD,5.0,5.0,0.0,115.7582,115.8279,57694.24,57695.23,0.99,0.0001,17,-20.88
2026-04-30,VRT,Industrials,HOLD,5.0,5.0,0.0,313.75,307.195,57694.25,57695.37,1.12,0.0001,2,-20.88
2026-04-30,PPL,Utilities,BUY,0.0,5.0,5.0,38.82,38.82,0.0,57695.15,57695.15,5.7695,1,-20.88
2026-04-30,GEV,Industrials,HOLD,5.0,5.0,0.0,1079.23,1147.89,57694.25,57695.97,1.72,0.0002,7,-20.88
2026-04-30,UNH,Healthcare,HOLD,5.0,5.0,0.0,368.51,354.68,57694.25,57696.44,2.19,0.0002,7,-20.88
2026-05-01,INTC,Technology,ADD,35.794,39.001,3.207,93.2,95.6,420737.02,458435.25,37698.23,3.7698,1,10697.17
2026-05-01,PNW,Utilities,BUY,0.0,5.0,5.0,102.8481,102.8481,0.0,58772.36,58772.36,5.8772,1,1371.4
2026-05-01,APA,Energy,ADD,5.311,8.361,3.05,40.33,35.7209,62428.33,98274.67,35846.33,3.5846,11,2293.15
2026-05-01,HUM,Healthcare,HOLD,5.0,5.0,-0.0,237.76,242.94,58774.21,58772.5,-1.71,0.0002,1,1371.4
2026-05-01,DELL,Technology,REDUCE,23.894,17.638,-6.256,208.53,213.99,280863.26,207329.31,-73533.95,7.3534,7,4837.84
2026-05-01,VLO,Energy,HOLD,5.0,5.0,-0.0,250.4,241.19,58774.5,58772.45,-2.05,0.0002,3,1371.4
2026-05-01,ETR,Utilities,HOLD,5.0,5.0,-0.0,117.07,115.8279,58773.31,58772.37,-0.94,0.0001,18,1371.4
2026-05-01,VRT,Industrials,HOLD,5.0,5.0,-0.0,330.65,307.195,58773.46,58772.37,-1.08,0.0001,3,1371.4
2026-05-01,PPL,Utilities,SELL,5.0,0.0,-5.0,37.59,37.59,58773.23,0.0,-58773.23,5.8773,1,0.0
2026-05-01,GEV,Industrials,HOLD,5.0,5.0,-0.0,1088.83,1147.89,58774.07,58772.38,-1.68,0.0002,8,1371.4
2026-05-01,UNH,Healthcare,HOLD,5.0,5.0,-0.0,371.96,354.68,58774.55,58772.48,-2.07,0.0002,8,1371.4
2026-05-04,INTC,Technology,ADD,39.001,41.534,2.533,99.18,93.2,455028.63,484580.07,29551.45,2.9551,3,-3654.32
2026-05-04,PNW,Utilities,SELL,5.0,0.0,-5.0,101.82,101.82,58335.63,0.0,-58335.63,5.8336,1,0.0
2026-05-04,APA,Energy,ADD,8.361,9.8,1.439,40.6,40.33,97544.39,114338.07,16793.68,1.6794,3,-862.25
2026-05-04,HUM,Healthcare,HOLD,5.0,5.0,0.0,234.17,242.94,58335.76,58336.68,0.92,0.0001,4,-439.93
2026-05-04,DELL,Technology,REDUCE,17.638,13.666,-3.973,210.85,213.99,205788.65,159438.2,-46350.45,4.635,10,-1202.36
2026-05-04,FIX,Industrials,BUY,0.0,5.0,5.0,1867.5,1867.5,0.0,58336.3,58336.3,5.8336,1,-439.93
2026-05-04,DTE,Utilities,BUY,0.0,5.0,5.0,147.72,147.72,0.0,58336.07,58336.07,5.8336,1,-439.92
2026-05-04,VLO,Energy,HOLD,5.0,5.0,0.0,248.88,241.19,58335.71,58336.62,0.91,0.0001,6,-439.93
2026-05-04,ETR,Utilities,HOLD,5.0,5.0,0.0,115.58,115.8279,58335.63,58336.13,0.5,0.0,21,-439.93
2026-05-04,VRT,Industrials,SELL,5.0,0.0,-5.0,329.58,329.58,58335.64,0.0,-58335.64,5.8336,1,0.0
2026-05-04,PWR,Industrials,BUY,0.0,5.0,5.0,749.6,749.6,0.0,58336.5,58336.5,5.8336,1,-439.93
2026-05-04,GEV,Industrials,SELL,5.0,0.0,-5.0,1072.27,1072.27,58335.65,0.0,-58335.65,5.8336,1,0.0
2026-05-04,UNH,Healthcare,HOLD,5.0,5.0,0.0,368.55,354.68,58335.74,58336.58,0.84,0.0001,11,-439.93
2026-05-05,INTC,Technology,REDUCE,41.534,40.797,-0.736,100.51,99.18,511594.28,502524.03,-9070.26,0.907,1,14915.89
2026-05-05,APA,Energy,REDUCE,9.8,8.532,-1.268,41.74,40.6,120712.15,105097.86,-15614.29,1.5614,1,3119.51
2026-05-05,FANG,Energy,BUY,0.0,5.0,5.0,210.1,210.1,0.0,61587.81,61587.81,6.1588,1,1828.05
2026-05-05,HUM,Healthcare,HOLD,5.0,5.0,-0.0,237.93,242.94,61588.82,61587.74,-1.08,0.0001,5,1828.04
2026-05-05,DELL,Technology,ADD,13.666,15.67,2.004,215.02,213.99,168326.51,193016.64,24690.13,2.469,11,5729.11
2026-05-05,FIX,Industrials,HOLD,5.0,5.0,-0.0,1951.5,1867.5,61588.41,61587.73,-0.67,0.0001,1,1828.04
2026-05-05,DTE,Utilities,SELL,5.0,0.0,-5.0,147.0,147.0,61588.16,0.0,-61588.16,6.1588,1,0.0
2026-05-05,VLO,Energy,SELL,5.0,0.0,-5.0,251.56,251.56,61588.75,0.0,-61588.75,6.1589,1,0.0
2026-05-05,ETR,Utilities,HOLD,5.0,5.0,-0.0,117.0,115.8279,61588.24,61587.72,-0.52,0.0001,22,1828.04
2026-05-05,NEE,Utilities,BUY,0.0,5.0,5.0,95.93,95.93,0.0,61587.71,61587.71,6.1588,1,1828.04
2026-05-05,PWR,Industrials,HOLD,5.0,5.0,-0.0,772.6,749.6,61588.62,61587.78,-0.85,0.0001,1,1828.04
2026-05-05,UNH,Healthcare,HOLD,5.0,5.0,-0.0,370.48,354.68,61588.7,61587.77,-0.93,0.0001,12,1828.04
2026-05-06,INTC,Technology,ADD,40.797,50.0,9.203,110.98,99.18,509738.47,624718.12,114979.66,11.498,2,3993.44
2026-05-06,APA,Energy,REDUCE,8.532,5.0,-3.532,39.43,40.6,106606.69,62471.83,-44134.85,4.4135,2,399.34
2026-05-06,FANG,Energy,SELL,5.0,0.0,-5.0,198.84,198.84,62471.99,0.0,-62471.99,6.2472,1,0.0
2026-05-06,HUM,Healthcare,HOLD,5.0,5.0,-0.0,241.31,242.94,62471.92,62471.83,-0.09,0.0,6,399.34
2026-05-06,DELL,Technology,SELL,15.67,0.0,-15.67,220.8,220.8,195787.67,0.0,-195787.67,19.5788,1,0.0
2026-05-06,FIX,Industrials,HOLD,5.0,5.0,-0.0,1995.72,1867.5,62471.91,62471.83,-0.08,0.0,2,399.34
2026-05-06,SNDK,Technology,BUY,0.0,10.0,10.0,1437.4,1437.4,0.0,124943.62,124943.62,12.4944,1,798.69
2026-05-06,ETR,Utilities,HOLD,5.0,5.0,-0.0,113.22,115.8279,62471.89,62471.83,-0.07,0.0,23,399.34
2026-05-06,MPC,Energy,BUY,0.0,5.0,5.0,253.0,253.0,0.0,62471.83,62471.83,6.2472,1,399.34
2026-05-06,NEE,Utilities,SELL,5.0,0.0,-5.0,96.13,96.13,62471.89,0.0,-62471.89,6.2472,1,0.0
2026-05-06,PWR,Industrials,HOLD,5.0,5.0,-0.0,773.86,749.6,62471.96,62471.83,-0.12,0.0,2,399.34
2026-05-06,UNH,Healthcare,HOLD,5.0,5.0,-0.0,363.1,354.68,62471.95,62471.83,-0.12,0.0,13,399.34
2026-05-06,LNT,Utilities,BUY,0.0,5.0,5.0,73.07,73.07,0.0,62471.83,62471.83,6.2472,1,399.34
2026-05-07,INTC,Technology,REDUCE,50.0,30.509,-19.491,111.02,110.98,610111.19,372283.17,-237828.03,23.7828,1,-3152.2
2026-05-07,PNW,Utilities,BUY,0.0,5.0,5.0,100.18,100.18,0.0,61011.19,61011.19,6.1011,1,-516.59
2026-05-07,APA,Energy,ADD,5.0,9.38,4.38,36.5,40.6,61011.14,114460.51,53449.37,5.3449,3,-969.16
2026-05-07,WST,Healthcare,BUY,0.0,5.0,5.0,315.28,315.28,0.0,61011.24,61011.24,6.1011,1,-516.59
2026-05-07,HUM,Healthcare,HOLD,5.0,5.0,0.0,245.78,242.94,61011.14,61011.24,0.11,0.0,7,-516.6
2026-05-07,FIX,Industrials,SELL,5.0,0.0,-5.0,2002.0,2002.0,61011.14,0.0,-61011.14,6.1011,1,0.0
2026-05-07,EME,Industrials,BUY,0.0,5.0,5.0,945.22,945.22,0.0,61011.22,61011.22,6.1011,1,-516.59
2026-05-07,SNDK,Technology,SELL,10.0,0.0,-10.0,1379.42,1379.42,122022.24,0.0,-122022.24,12.2022,1,0.0
2026-05-07,ETR,Utilities,HOLD,5.0,5.0,0.0,112.69,115.8279,61011.13,61011.2,0.07,0.0,24,-516.59
2026-05-07,MPC,Energy,HOLD,5.0,5.0,0.0,241.76,253.0,61011.14,61011.28,0.14,0.0,1,-516.6
2026-05-07,PWR,Industrials,HOLD,5.0,5.0,0.0,780.63,749.6,61011.14,61011.25,0.11,0.0,3,-516.6
2026-05-07,UNH,Healthcare,SELL,5.0,0.0,-5.0,366.64,366.64,61011.14,0.0,-61011.14,6.1011,1,0.0
2026-05-07,STX,Technology,BUY,0.0,25.11,25.11,771.29,771.29,0.0,306399.97,306399.97,30.64,1,-2594.35
2026-05-07,LNT,Utilities,SELL,5.0,0.0,-5.0,72.04,72.04,61011.13,0.0,-61011.13,6.1011,1,0.0
2026-05-08,INTC,Technology,ADD,30.509,38.595,8.085,111.81,110.98,394755.05,499370.1,104615.04,10.4615,2,22270.78
2026-05-08,ELV,Healthcare,BUY,0.0,5.0,5.0,376.24,376.24,0.0,64693.89,64693.89,6.4694,1,2885.2
2026-05-08,PNW,Utilities,SELL,5.0,0.0,-5.0,99.78,99.78,64693.97,0.0,-64693.97,6.4694,1,0.0
2026-05-08,APA,Energy,REDUCE,9.38,5.0,-4.38,36.21,36.5,121369.61,64693.89,-56675.73,5.6676,1,2885.2
2026-05-08,FANG,Energy,BUY,0.0,5.0,5.0,189.81,189.81,0.0,64693.88,64693.88,6.4694,1,2885.2
2026-05-08,WST,Healthcare,SELL,5.0,0.0,-5.0,323.5,323.5,64694.02,0.0,-64694.02,6.4694,1,0.0
2026-05-08,HUM,Healthcare,HOLD,5.0,5.0,-0.0,250.0,242.94,64694.03,64693.89,-0.14,0.0,8,2885.2
2026-05-08,EME,Industrials,SELL,5.0,0.0,-5.0,939.02,939.02,64694.01,0.0,-64694.01,6.4694,1,0.0
2026-05-08,ETR,Utilities,HOLD,5.0,5.0,-0.0,112.43,115.8279,64693.98,64693.88,-0.1,0.0,25,2885.2
2026-05-08,VRT,Industrials,BUY,0.0,5.0,5.0,349.785,349.785,0.0,64693.88,64693.88,6.4694,1,2885.2
2026-05-08,MPC,Energy,SELL,5.0,0.0,-5.0,242.2,242.2,64694.07,0.0,-64694.07,6.4694,1,0.0
2026-05-08,NEE,Utilities,BUY,0.0,5.0,5.0,93.88,93.88,0.0,64693.88,64693.88,6.4694,1,2885.2
2026-05-08,PWR,Industrials,HOLD,5.0,5.0,-0.0,761.67,749.6,64694.04,64693.89,-0.15,0.0,4,2885.2
2026-05-08,STX,Technology,REDUCE,25.11,21.405,-3.705,780.0,771.29,324895.0,276957.02,-47937.97,4.7938,1,12351.66
2026-05-11,INTC,Technology,ADD,38.595,50.0,11.405,130.95,111.81,511426.23,662557.79,151131.56,15.1132,3,-1390.93
2026-05-11,ELV,Healthcare,SELL,5.0,0.0,-5.0,379.8,379.8,66255.77,0.0,-66255.77,6.6256,1,0.0
2026-05-11,APA,Energy,HOLD,5.0,5.0,0.0,36.7,36.5,66255.77,66255.78,0.01,0.0,4,-139.09
2026-05-11,FANG,Energy,SELL,5.0,0.0,-5.0,190.5,190.5,66255.77,0.0,-66255.77,6.6256,1,0.0
2026-05-11,WST,Healthcare,BUY,0.0,5.0,5.0,327.46,327.46,0.0,66255.78,66255.78,6.6256,1,-139.09
2026-05-11,HAL,Energy,BUY,0.0,5.0,5.0,40.16,40.16,0.0,66255.78,66255.78,6.6256,1,-139.09
2026-05-11,HUM,Healthcare,HOLD,5.0,5.0,0.0,272.08,242.94,66255.77,66255.78,0.01,0.0,11,-139.09
2026-05-11,FIX,Industrials,BUY,0.0,5.0,5.0,1955.0,1955.0,0.0,66255.78,66255.78,6.6256,1,-139.09
2026-05-11,ETR,Utilities,HOLD,5.0,5.0,0.0,112.49,115.8279,66255.77,66255.78,0.01,0.0,28,-139.09
2026-05-11,VRT,Industrials,HOLD,5.0,5.0,0.0,342.013,349.785,66255.77,66255.78,0.01,0.0,3,-139.09
2026-05-11,NEE,Utilities,HOLD,5.0,5.0,0.0,94.0,93.88,66255.77,66255.78,0.01,0.0,3,-139.09
2026-05-11,PWR,Industrials,SELL,5.0,0.0,-5.0,749.42,749.42,66255.77,0.0,-66255.77,6.6256,1,0.0
2026-05-11,SNDK,Technology,BUY,0.0,10.0,10.0,1586.25,1586.25,0.0,132511.87,132511.87,13.2512,1,-278.19
2026-05-11,STX,Technology,SELL,21.405,0.0,-21.405,795.55,795.55,283643.51,0.0,-283643.51,28.3644,1,0.0
